Category	AKBO Part Number	Our Code	Product Type	Size / Dimensions / Connection	Material	Variant	Description	Source Page	Status	Notes
Washdown / cleaning equipment	AKMN011-B	WD-MN011-B	Wash gun	Blue King, 1/2" BSP female inlet	Brass HPb59-3		Wash gun, Blue King, 1/2" BSP female inlet, Brass HPb59-3	07 - Blue King.pdf	Confirmed	
Washdown / cleaning equipment	AKMNP11-B	WD-MNP11-B	Wash gun	Blue King, 1/2" BSP female inlet	Brass HPb59-3	with trigger guard	Wash gun, Blue King, 1/2" BSP female inlet, Brass HPb59-3, with trigger guard	07 - Blue King.pdf	Confirmed	
Washdown / cleaning equipment	AKMNP11-B-SW12	WD-MNP11-B-SW12	Wash gun	Blue King, 1/2" BSP female inlet, with swivel	Brass HPb59-3	with trigger guard and swivel	Wash gun, Blue King, 1/2" BSP female inlet, with swivel, Brass HPb59-3, with trigger guard and swivel	07 - Blue King.pdf	Confirmed	
Washdown / cleaning equipment	AKRSV01-B	WD-RSV01-B	The Squeezer	1/2" BSP female (inlet and outlet)	Stainless steel AISI 304	blue, max 40 bar / 95C	The Squeezer, 1/2" BSP female (inlet and outlet), Stainless steel AISI 304, blue, max 40 bar / 95C	03 - The Squeezer.pdf	Confirmed	
Washdown / cleaning equipment	BMFT001-B	WD-BMFT001-B	Blue Princess	1/2" BSP female	Brass HPb59-3	basic model, without trigger guard	Blue Princess, 1/2" BSP female, Brass HPb59-3, basic model, without trigger guard	08 - Blue Princess.pdf	Confirmed	Identical spec also duplicated on page 05 (Recently Introduced) - not double counted
Washdown / cleaning equipment	BMFTP11-B-PRIN	WD-BMFTP11-B-PRIN	Blue Princess	1/2" BSP female	Brass HPb59-3	with trigger guard	Blue Princess, 1/2" BSP female, Brass HPb59-3, with trigger guard	08 - Blue Princess.pdf	Confirmed	Identical spec also duplicated on page 05
Washdown / cleaning equipment	BRFT003-B	WD-BRFT003-B	Blue Princess	1/2" BSP female	316 stainless steel (AISI 316)	basic model, without trigger guard	Blue Princess, 1/2" BSP female, 316 stainless steel (AISI 316), basic model, without trigger guard	08 - Blue Princess.pdf	Confirmed	Identical spec also duplicated on page 05
Washdown / cleaning equipment	BRFTP13-B-PRIN	WD-BRFTP13-B-PRIN	Blue Princess	1/2" BSP female	316 stainless steel (AISI 316)	with trigger guard - marked NEW in catalogue	Blue Princess, 1/2" BSP female, 316 stainless steel (AISI 316), with trigger guard - marked NEW in catalogue	08 - Blue Princess.pdf	Confirmed	Identical spec also duplicated on page 05
Washdown / cleaning equipment	KLMN001-BL	WD-KLMN001-BL	Basic brass cleaning gun	1/2" BSP female	Brass	black	Basic brass cleaning gun, 1/2" BSP female, Brass, black	09 - Basic brass cleaning gun.pdf	Confirmed	
Washdown / cleaning equipment	KLMN001-W	WD-KLMN001-W	Basic brass cleaning gun	1/2" BSP female	Brass	white	Basic brass cleaning gun, 1/2" BSP female, Brass, white	09 - Basic brass cleaning gun.pdf	Confirmed	
Washdown / cleaning equipment	KLMN001-B	WD-KLMN001-B	Basic brass cleaning gun	1/2" BSP female	Brass	blue	Basic brass cleaning gun, 1/2" BSP female, Brass, blue	09 - Basic brass cleaning gun.pdf	Confirmed	
Washdown / cleaning equipment	KLMN001-G	WD-KLMN001-G	Basic brass cleaning gun	1/2" BSP female	Brass	green	Basic brass cleaning gun, 1/2" BSP female, Brass, green	09 - Basic brass cleaning gun.pdf	Confirmed	
Washdown / cleaning equipment	KLMN001-R	WD-KLMN001-R	Basic brass cleaning gun	1/2" BSP female	Brass	red	Basic brass cleaning gun, 1/2" BSP female, Brass, red	09 - Basic brass cleaning gun.pdf	Confirmed	
Washdown / cleaning equipment	KLMN001-Y	WD-KLMN001-Y	Basic brass cleaning gun	1/2" BSP female	Brass	yellow	Basic brass cleaning gun, 1/2" BSP female, Brass, yellow	09 - Basic brass cleaning gun.pdf	Confirmed	
Washdown / cleaning equipment	AKMN001-B	WD-MN001-B	Brass cleaning gun (insulated trigger)	1/2" BSP female	Brass HPb59-3	blue (best-seller)	Brass cleaning gun (insulated trigger), 1/2" BSP female, Brass HPb59-3, blue (best-seller)	10 - Brass cleaning guns with insulated trigger.pdf	Confirmed	
Washdown / cleaning equipment	AKMN001-R	WD-MN001-R	Brass cleaning gun (insulated trigger)	1/2" BSP female	Brass HPb59-3	red	Brass cleaning gun (insulated trigger), 1/2" BSP female, Brass HPb59-3, red	10 - Brass cleaning guns with insulated trigger.pdf	Confirmed	
Washdown / cleaning equipment	AKMN001-Y	WD-MN001-Y	Brass cleaning gun (insulated trigger)	1/2" BSP female	Brass HPb59-3	yellow	Brass cleaning gun (insulated trigger), 1/2" BSP female, Brass HPb59-3, yellow	10 - Brass cleaning guns with insulated trigger.pdf	Confirmed	
Washdown / cleaning equipment	AKMN001-G	WD-MN001-G	Brass cleaning gun (insulated trigger)	1/2" BSP female	Brass HPb59-3	green	Brass cleaning gun (insulated trigger), 1/2" BSP female, Brass HPb59-3, green	10 - Brass cleaning guns with insulated trigger.pdf	Confirmed	
Washdown / cleaning equipment	AKMN001-W	WD-MN001-W	Brass cleaning gun (insulated trigger)	1/2" BSP female	Brass HPb59-3	white	Brass cleaning gun (insulated trigger), 1/2" BSP female, Brass HPb59-3, white	10 - Brass cleaning guns with insulated trigger.pdf	Confirmed	
Washdown / cleaning equipment	AKMN001-BL	WD-MN001-BL	Brass cleaning gun (insulated trigger)	1/2" BSP female	Brass HPb59-3	black	Brass cleaning gun (insulated trigger), 1/2" BSP female, Brass HPb59-3, black	10 - Brass cleaning guns with insulated trigger.pdf	Confirmed	
Washdown / cleaning equipment	AKMNP01-B	WD-MNP01-B	Brass cleaning gun (insulated trigger)	1/2" BSP female	Brass HPb59-3	blue, with trigger guard	Brass cleaning gun (insulated trigger), 1/2" BSP female, Brass HPb59-3, blue, with trigger guard	10 - Brass cleaning guns with insulated trigger.pdf	Confirmed	
Washdown / cleaning equipment	AKMNP01-B-SW12	WD-MNP01-B-SW12	Brass cleaning gun (insulated trigger)	with ball bearing swivel, 1/2" BSP female	Brass HPb59-3	with trigger guard and swivel	Brass cleaning gun (insulated trigger), with ball bearing swivel, 1/2" BSP female, Brass HPb59-3, with trigger guard and swivel	10 - Brass cleaning guns with insulated trigger.pdf	Needs review	Page 2 technical-data table header spells this "AKMP01-B-SW12" (missing N) - likely a table typo, confirm before use
Washdown / cleaning equipment	AKMNP01-B-SW34	WD-MNP01-B-SW34	Brass cleaning gun (insulated trigger)	with ball bearing swivel, 3/4" BSP female	Brass HPb59-3	with trigger guard and swivel	Brass cleaning gun (insulated trigger), with ball bearing swivel, 3/4" BSP female, Brass HPb59-3, with trigger guard and swivel	10 - Brass cleaning guns with insulated trigger.pdf	Needs review	Page 2 technical-data table header spells this "AKMP01-B-SW34" (missing N) - likely a table typo, confirm before use
Washdown / cleaning equipment	AKCN001-B	WD-CN001-B	Chrome-plated brass cleaning gun	1/2" BSP female	Brass HPb59-3 + chrome layer	blue	Chrome-plated brass cleaning gun, 1/2" BSP female, Brass HPb59-3 + chrome layer, blue	11 - Chrome-plated brass cleaning guns.pdf	Confirmed	
Washdown / cleaning equipment	AKCNP01-B	WD-CNP01-B	Chrome-plated brass cleaning gun	1/2" BSP female	Brass HPb59-3 + chrome layer	blue, with trigger guard	Chrome-plated brass cleaning gun, 1/2" BSP female, Brass HPb59-3 + chrome layer, blue, with trigger guard	11 - Chrome-plated brass cleaning guns.pdf	Confirmed	
Washdown / cleaning equipment	AKCNP01-W	WD-CNP01-W	Chrome-plated brass cleaning gun	1/2" BSP female	Brass HPb59-3 + chrome layer	white, with trigger guard	Chrome-plated brass cleaning gun, 1/2" BSP female, Brass HPb59-3 + chrome layer, white, with trigger guard	11 - Chrome-plated brass cleaning guns.pdf	Confirmed	
Washdown / cleaning equipment	AKCNP01-W-U	WD-CNP01-W-U	Chrome-plated brass cleaning gun	1/2" NPT female	Brass HPb59-3 + chrome layer	white, with trigger guard	Chrome-plated brass cleaning gun, 1/2" NPT female, Brass HPb59-3 + chrome layer, white, with trigger guard	11 - Chrome-plated brass cleaning guns.pdf	Confirmed	
Washdown / cleaning equipment	AKCNP01-B-SW12	WD-CNP01-B-SW12	Chrome-plated brass cleaning gun	with swivel, 1/2" BSP female	Brass HPb59-3 + chrome layer	blue, with swivel	Chrome-plated brass cleaning gun, with swivel, 1/2" BSP female, Brass HPb59-3 + chrome layer, blue, with swivel	11 - Chrome-plated brass cleaning guns.pdf	Confirmed	
Washdown / cleaning equipment	AKCNP01-W-SW12	WD-CNP01-W-SW12	Chrome-plated brass cleaning gun	with swivel, brochure states 3/4" BSP female	Brass HPb59-3 + chrome layer	white, with swivel	Chrome-plated brass cleaning gun, with swivel, brochure states 3/4" BSP female, Brass HPb59-3 + chrome layer, white, with swivel	11 - Chrome-plated brass cleaning guns.pdf	Needs review	Brochure states this swivel is 3/4" BSP, but the "-SW12" suffix means 1/2" everywhere else in this catalogue family (c.f. page 10 -SW12/-SW34 pattern) - likely should be AKCNP01-W-SW34; confirm with AKBO before quoting
Washdown / cleaning equipment	AKRN001-B	WD-RN001-B	Stainless steel cleaning gun (AISI 316)	1/2" BSP female	Stainless steel AISI 316	blue	Stainless steel cleaning gun (AISI 316), 1/2" BSP female, Stainless steel AISI 316, blue	12 - Stainless steel cleaning guns (AISI 316).pdf	Confirmed	
Washdown / cleaning equipment	AKRN001-W	WD-RN001-W	Stainless steel cleaning gun (AISI 316)	1/2" BSP female	Stainless steel AISI 316	white	Stainless steel cleaning gun (AISI 316), 1/2" BSP female, Stainless steel AISI 316, white	12 - Stainless steel cleaning guns (AISI 316).pdf	Confirmed	
Washdown / cleaning equipment	AKRB001-BL	WD-RB001-BL	Stainless steel cleaning gun (AISI 316), high flow	1/2" BSP female	Stainless steel AISI 316	black, high flow	Stainless steel cleaning gun (AISI 316), high flow, 1/2" BSP female, Stainless steel AISI 316, black, high flow	12 - Stainless steel cleaning guns (AISI 316).pdf	Needs review	Page 12 cross-references this as the high-flow AISI316 variant ("full spec page 16"), but page 16 (High-flow cleaning guns) only lists brass "AKMB*" numbers - no matching AKRB* found there. Confirm actual model number with AKBO
Washdown / cleaning equipment	AKRNP01-B	WD-RNP01-B	Stainless steel cleaning gun (AISI 316)	1/2" BSP female	Stainless steel AISI 316	blue, with trigger guard	Stainless steel cleaning gun (AISI 316), 1/2" BSP female, Stainless steel AISI 316, blue, with trigger guard	12 - Stainless steel cleaning guns (AISI 316).pdf	Confirmed	
Washdown / cleaning equipment	AKRNP01-W	WD-RNP01-W	Stainless steel cleaning gun (AISI 316)	1/2" BSP female	Stainless steel AISI 316	white, with trigger guard	Stainless steel cleaning gun (AISI 316), 1/2" BSP female, Stainless steel AISI 316, white, with trigger guard	12 - Stainless steel cleaning guns (AISI 316).pdf	Confirmed	
Washdown / cleaning equipment	AKRNP01-B-U	WD-RNP01-B-U	Stainless steel cleaning gun (AISI 316)	1/2" NPT female	Stainless steel AISI 316	blue, with trigger guard	Stainless steel cleaning gun (AISI 316), 1/2" NPT female, Stainless steel AISI 316, blue, with trigger guard	12 - Stainless steel cleaning guns (AISI 316).pdf	Confirmed	
Washdown / cleaning equipment	AKRNP01-W-U	WD-RNP01-W-U	Stainless steel cleaning gun (AISI 316)	1/2" NPT female	Stainless steel AISI 316	white, with trigger guard	Stainless steel cleaning gun (AISI 316), 1/2" NPT female, Stainless steel AISI 316, white, with trigger guard	12 - Stainless steel cleaning guns (AISI 316).pdf	Confirmed	
Washdown / cleaning equipment	AKRNP01-B-SW12	WD-RNP01-B-SW12	Stainless steel cleaning gun (AISI 316)	with stainless steel swivel, 1/2" BSP female	Stainless steel AISI 316	blue, with trigger guard and swivel	Stainless steel cleaning gun (AISI 316), with stainless steel swivel, 1/2" BSP female, Stainless steel AISI 316, blue, with trigger guard and swivel	12 - Stainless steel cleaning guns (AISI 316).pdf	Confirmed	
Washdown / cleaning equipment	AKRNP01-W-SW12	WD-RNP01-W-SW12	Stainless steel cleaning gun (AISI 316)	with stainless steel swivel, 1/2" BSP female	Stainless steel AISI 316	white, with trigger guard and swivel	Stainless steel cleaning gun (AISI 316), with stainless steel swivel, 1/2" BSP female, Stainless steel AISI 316, white, with trigger guard and swivel	12 - Stainless steel cleaning guns (AISI 316).pdf	Confirmed	
Washdown / cleaning equipment	AKNN001-B	WD-NN001-B	Lightweight cleaning gun	1/2" BSP female	Plastic PA66 (fibreglass-reinforced)	without trigger guard	Lightweight cleaning gun, 1/2" BSP female, Plastic PA66 (fibreglass-reinforced), without trigger guard	13 - Lightweight cleaning gun.pdf	Confirmed	
Washdown / cleaning equipment	AKNNP01-B	WD-NNP01-B	Lightweight cleaning gun	1/2" BSP female	Plastic PA66 (fibreglass-reinforced)	with trigger guard	Lightweight cleaning gun, 1/2" BSP female, Plastic PA66 (fibreglass-reinforced), with trigger guard	13 - Lightweight cleaning gun.pdf	Confirmed	
Washdown / cleaning equipment	AKNL002-B	WD-NL002-B	Lightweight cleaning gun	1/2" BSP male at outlet, for lance mounting	Plastic PA66	for lance mounting	Lightweight cleaning gun, 1/2" BSP male at outlet, for lance mounting, Plastic PA66, for lance mounting	13 - Lightweight cleaning gun.pdf / 29 - Cleaning guns for lance mounting.pdf	Confirmed	
Washdown / cleaning equipment	AKNLCP2-B	WD-NLCP2-B	Lightweight cleaning gun	stainless steel quick coupling DN12 + protection at outlet	Plastic PA66	quick-coupling outlet	Lightweight cleaning gun, stainless steel quick coupling DN12 + protection at outlet, Plastic PA66, quick-coupling outlet	13 - Lightweight cleaning gun.pdf / 29 - Cleaning guns for lance mounting.pdf	Confirmed	
Washdown / cleaning equipment	AKNLFW2	WD-NLFW2	Lightweight cleaning gun	1/2" BSP female inlet, fixed foam lance at outlet	Fibreglass-reinforced PA66 (FDA)	fixed foam-lance combination	Lightweight cleaning gun, 1/2" BSP female inlet, fixed foam lance at outlet, Fibreglass-reinforced PA66 (FDA), fixed foam-lance combination	13 - Lightweight cleaning gun.pdf / 30 - Lightweight foam gun.pdf	Confirmed	
Washdown / cleaning equipment	AKNNA02-B	WD-NNA02-B	Lightweight cleaning gun	chrome-plated brass adapter at outlet	Plastic PA66		Lightweight cleaning gun, chrome-plated brass adapter at outlet, Plastic PA66	13 - Lightweight cleaning gun.pdf	Needs review	No dedicated spec page found for this variant in this brochure set - confirm material/technical data with AKBO
Washdown / cleaning equipment	BABTN01-B	WD-BABTN01-B	Baby series cleaning gun	1/2" BSP female inlet	Aluminium	rear trigger, compact	Baby series cleaning gun, 1/2" BSP female inlet, Aluminium, rear trigger, compact	14 - Baby series cleaning guns.pdf	Confirmed	
Washdown / cleaning equipment	BMBTN01-B	WD-BMBTN01-B	Baby series cleaning gun	1/2" BSP female inlet	Brass HPb59-3	rear trigger, compact	Baby series cleaning gun, 1/2" BSP female inlet, Brass HPb59-3, rear trigger, compact	14 - Baby series cleaning guns.pdf	Confirmed	
Washdown / cleaning equipment	BRBTN01-B	WD-BRBTN01-B	Baby series cleaning gun	1/2" BSP female inlet	Stainless steel X5CrNiMo17-12-2 (AISI 316)	rear trigger, compact	Baby series cleaning gun, 1/2" BSP female inlet, Stainless steel X5CrNiMo17-12-2 (AISI 316), rear trigger, compact	14 - Baby series cleaning guns.pdf	Confirmed	
Washdown / cleaning equipment	AKMB001-BL	WD-MB001-BL	High-flow cleaning gun	1/2" BSP female	Brass	black, high flow	High-flow cleaning gun, 1/2" BSP female, Brass, black, high flow	16 - High-flow cleaning guns.pdf	Confirmed	
Washdown / cleaning equipment	AKMBP01-BL	WD-MBP01-BL	High-flow cleaning gun	1/2" BSP female	Brass	black, with trigger guard, high flow	High-flow cleaning gun, 1/2" BSP female, Brass, black, with trigger guard, high flow	16 - High-flow cleaning guns.pdf	Confirmed	
Washdown / cleaning equipment	AKMBP01-B-SWM14-3/4	WD-MBP01-B-SWM14-3/4	High-flow cleaning gun	with swivel, 3/4" BSP female	Brass	with trigger guard and swivel	High-flow cleaning gun, with swivel, 3/4" BSP female, Brass, with trigger guard and swivel	16 - High-flow cleaning guns.pdf	Needs review	This model number is written three different ways on this page (AKMBP01-B-SWM14-3/4 in heading/caption vs AKMBP01-BL-SW14-34 in the weight bullet) - confirm the correct number with AKBO
Washdown / cleaning equipment	AKRHP01-R	WD-RHP01-R	Hot-water cleaning gun (AISI 316)	1/2" BSP female	Stainless steel AISI 316	red, base model	Hot-water cleaning gun (AISI 316), 1/2" BSP female, Stainless steel AISI 316, red, base model	17 - Cleaning guns for hot water in stainless steel (AISI 316).pdf	Needs review	Body text calls the base model "AKRHP01-R" but the technical-data table heads its column "AKRHP02-R" - confirm which is correct with AKBO
Washdown / cleaning equipment	AKRHP02-R-L40	WD-RHP02-R-L40	Hot-water cleaning gun (AISI 316), lance version	1/2" BSP female, 40cm lance	Stainless steel AISI 316	red, with lance	Hot-water cleaning gun (AISI 316), lance version, 1/2" BSP female, 40cm lance, Stainless steel AISI 316, red, with lance	17 - Cleaning guns for hot water in stainless steel (AISI 316).pdf	Needs review	Table heading drops the "-R-" and reads "AKRHP02-L40" - confirm exact number with AKBO
Washdown / cleaning equipment	AKRHPB1-R	WD-RHPB1-R	Hot-water cleaning gun (AISI 316), high flow	1/2" BSP female	Stainless steel AISI 316	red, high flow	Hot-water cleaning gun (AISI 316), high flow, 1/2" BSP female, Stainless steel AISI 316, red, high flow	17 - Cleaning guns for hot water in stainless steel (AISI 316).pdf	Confirmed	
Washdown / cleaning equipment	AKRNP01-BL-EX	WD-RNP01-BL-EX	ATEX cleaning gun	1/2" BSP female	Stainless steel AISI 316	black, ATEX-certified, with trigger guard	ATEX cleaning gun, 1/2" BSP female, Stainless steel AISI 316, black, ATEX-certified, with trigger guard	18 - ATEX cleaning gun.pdf	Confirmed	Catalogue prints max temp as "60C (200F)" - correct conversion is 140F, likely a catalogue typo (informational only, does not affect part number)
Washdown / cleaning equipment	AKRN002-LB-LAT	WD-RN002-LB-LAT	Sterilisable cleaning gun (AISI 316)	1/2" BSP female	Stainless steel AISI 316	latex rubber jacket, Viton seals, sterilisable to 160C	Sterilisable cleaning gun (AISI 316), 1/2" BSP female, Stainless steel AISI 316, latex rubber jacket, Viton seals, sterilisable to 160C	19 - Sterilisable cleaning gun in stainless steel (AISI 316).pdf	Confirmed	
Washdown / cleaning equipment	AKRBT01-B-U	WD-RBT01-B-U	Stainless steel gun with rear trigger (AISI 316)	1/2" NPT female	Stainless steel AISI 316	standard flow	Stainless steel gun with rear trigger (AISI 316), 1/2" NPT female, Stainless steel AISI 316, standard flow	20 - Stainless steel (AISI 316) cleaning gun with rear trigger.pdf	Confirmed	Technical table prints connection as "NTP" (typo for NPT); body text weight "980g" does not match either table weight (940g/880g) - informational only
Washdown / cleaning equipment	AKRBTB1-B-U	WD-RBTB1-B-U	Stainless steel gun with rear trigger (AISI 316), high flow	1/2" NPT female	Stainless steel AISI 316	high flow	Stainless steel gun with rear trigger (AISI 316), high flow, 1/2" NPT female, Stainless steel AISI 316, high flow	20 - Stainless steel (AISI 316) cleaning gun with rear trigger.pdf	Confirmed	Same "NTP" typo noted in the technical table
Washdown / cleaning equipment	AKAWLU1-B	WD-AWLU1-B	Water-air gun	2x 10mm hose tails (water and air inlets)	Aluminium		Water-air gun, 2x 10mm hose tails (water and air inlets), Aluminium	22 - Water-air gun.pdf	Confirmed	
Washdown / cleaning equipment	AGIL572	WD-AGIL572	Lightweight spray gun	3/4" GHT male outlet	Chrome-plated zinc		Lightweight spray gun, 3/4" GHT male outlet, Chrome-plated zinc	24 - AGIL572 lightweight spray gun.pdf	Confirmed	Catalogue number has no "AK" prefix at all
Washdown / cleaning equipment	AK53800A1	WD-53800A1	NiTO I cleaning gun	1/2" NiTO quick-connect inlet	Not stated in catalogue		NiTO I cleaning gun, 1/2" NiTO quick-connect inlet, Not stated in catalogue	25 - NiTO I cleaning gun.pdf	Needs review	Material not stated in catalogue - confirm before quoting on material-sensitive jobs
Washdown / cleaning equipment	AK30550A3	WD-30550A3	NiTO II cleaning gun	NiTO quick-connect inlet	Not stated in catalogue		NiTO II cleaning gun, NiTO quick-connect inlet, Not stated in catalogue	26 - NiTO II cleaning gun.pdf	Needs review	Material not stated in catalogue - confirm before quoting on material-sensitive jobs. Related accessory AK30210A0 (spare nozzle set) exists but is out of scope - not a gun.
Washdown / cleaning equipment	AK40255A3	WD-40255A3	NiTO ERGO hot-water gun	NiTO quick-connect inlet	Not stated in catalogue		NiTO ERGO hot-water gun, NiTO quick-connect inlet, Not stated in catalogue	27 - NiTO ERGO hot-water gun.pdf	Needs review	Material not stated in catalogue - confirm before quoting on material-sensitive jobs
Washdown / cleaning equipment	AKRL002-B	WD-RL002-B	Cleaning gun for lance mounting	1/2" BSP male outlet	Stainless steel AISI 316		Cleaning gun for lance mounting, 1/2" BSP male outlet, Stainless steel AISI 316	29 - Cleaning guns for lance mounting.pdf	Confirmed	
Washdown / cleaning equipment	AKCL002-B	WD-CL002-B	Cleaning gun for lance mounting	1/2" BSP male outlet	Brass, chrome-plated		Cleaning gun for lance mounting, 1/2" BSP male outlet, Brass, chrome-plated	29 - Cleaning guns for lance mounting.pdf	Confirmed	
Washdown / cleaning equipment	KLML002-B	WD-KLML002-B	Cleaning gun for lance mounting	1/2" BSP male outlet	Brass		Cleaning gun for lance mounting, 1/2" BSP male outlet, Brass	29 - Cleaning guns for lance mounting.pdf	Confirmed	
Washdown / cleaning equipment	AKCLCP2-B	WD-CLCP2-B	Cleaning gun for lance mounting	quick coupling outlet	Brass, chrome-plated	with quick-release coupling	Cleaning gun for lance mounting, quick coupling outlet, Brass, chrome-plated, with quick-release coupling	29 - Cleaning guns for lance mounting.pdf	Confirmed	
Washdown / cleaning equipment	AKRLCP2-B	WD-RLCP2-B	Cleaning gun for lance mounting	quick coupling outlet	Stainless steel AISI 316	with quick-release coupling	Cleaning gun for lance mounting, quick coupling outlet, Stainless steel AISI 316, with quick-release coupling	29 - Cleaning guns for lance mounting.pdf	Confirmed	
Washdown / cleaning equipment	KLMLCP2-B	WD-KLMLCP2-B	Cleaning gun for lance mounting	quick coupling outlet	Brass	with quick-release coupling	Cleaning gun for lance mounting, quick coupling outlet, Brass, with quick-release coupling	29 - Cleaning guns for lance mounting.pdf	Confirmed	
Washdown / cleaning equipment	BABTLF1-B-V	WD-BABTLF1-B-V	Baby series gun for lance mounting	1/2" BSP female outlet and inlet	Aluminium	blue, Viton seals	Baby series gun for lance mounting, 1/2" BSP female outlet and inlet, Aluminium, blue, Viton seals	31 - Cleaning guns for lance mounting, Baby series.pdf	Confirmed	
Washdown / cleaning equipment	BABTLF1-BL	WD-BABTLF1-BL	Baby series gun for lance mounting	1/2" BSP female outlet and inlet	Aluminium	black	Baby series gun for lance mounting, 1/2" BSP female outlet and inlet, Aluminium, black	31 - Cleaning guns for lance mounting, Baby series.pdf	Needs review	Max-temp table cell shows "(231F)" matching a 95C row, but this model is rated 50C (its sibling BABTLF1-B-V, same 50C rating, correctly shows ~122F) - likely a copy-paste error in AKBO's table; confirm actual max temp with AKBO
Washdown / cleaning equipment	BMBNN01-B	WD-BMBNN01-B	Baby series gun for lance mounting	1/2" BSP male outlet, 1/2" BSP female inlet	Brass HPb59-3	blue, with nozzle	Baby series gun for lance mounting, 1/2" BSP male outlet, 1/2" BSP female inlet, Brass HPb59-3, blue, with nozzle	31 - Cleaning guns for lance mounting, Baby series.pdf	Confirmed	
Washdown / cleaning equipment	AKMSHL1-B	WD-MSHL1-B	Water-saving spray head	with handle, head 1/2" BSPP male, grip 1/2" BSPP female	Brass HPb59-3 and POM (head), EPDM (grip)	blue grip (GRIPML1-B)	Water-saving spray head, with handle, head 1/2" BSPP male, grip 1/2" BSPP female, Brass HPb59-3 and POM (head), EPDM (grip), blue grip (GRIPML1-B)	44 - Water-saving spray head.pdf	Confirmed	
Washdown / cleaning equipment	AKRSHL1-B	WD-RSHL1-B	Water-saving spray head	with handle, head 1/2" BSPP male, grip 1/2" BSPP female	Stainless steel AISI 304 and POM (head), EPDM (grip)	blue grip (GRIPRL1-B)	Water-saving spray head, with handle, head 1/2" BSPP male, grip 1/2" BSPP female, Stainless steel AISI 304 and POM (head), EPDM (grip), blue grip (GRIPRL1-B)	44 - Water-saving spray head.pdf	Confirmed	
Washdown / cleaning equipment	AKMSHHL1-BL	WD-MSHHL1-BL	Water-saving spray head	head only, 1/2" BSPP male	Brass HPb59-3 and POM	black, head only	Water-saving spray head, head only, 1/2" BSPP male, Brass HPb59-3 and POM, black, head only	44 - Water-saving spray head.pdf	Needs review	Technical-data table only lists dimensions/weight for the with-handle assemblies (AKMSHL1-B/AKRSHL1-B) - head-only weight not separately tabulated on this page
Washdown / cleaning equipment	AKRSHHL1-BL	WD-RSHHL1-BL	Water-saving spray head	head only, 1/2" BSPP male	Stainless steel AISI 304 and POM	black, head only	Water-saving spray head, head only, 1/2" BSPP male, Stainless steel AISI 304 and POM, black, head only	44 - Water-saving spray head.pdf	Needs review	Technical-data table only lists dimensions/weight for the with-handle assemblies - head-only weight not separately tabulated on this page
Washdown / cleaning equipment	AKMSH03-B	WD-MSH03-B	Robust spray head	with handle, 1/2" BSP female	Brass interior, POM housing	blue	Robust spray head, with handle, 1/2" BSP female, Brass interior, POM housing, blue	45 - Robust spray head.pdf	Confirmed	
Washdown / cleaning equipment	AKMSH03-R	WD-MSH03-R	Robust spray head	with handle, 1/2" BSP female	Brass interior, POM housing	red	Robust spray head, with handle, 1/2" BSP female, Brass interior, POM housing, red	45 - Robust spray head.pdf	Confirmed	
Washdown / cleaning equipment	AKMSH03-W	WD-MSH03-W	Robust spray head	with handle, 1/2" BSP female	Brass interior, POM housing	white	Robust spray head, with handle, 1/2" BSP female, Brass interior, POM housing, white	45 - Robust spray head.pdf	Confirmed	
Washdown / cleaning equipment	AKMSHH4-BL	WD-MSHH4-BL	Robust spray head	head only, 1/2" BSP male	Brass interior, POM housing	black, head only	Robust spray head, head only, 1/2" BSP male, Brass interior, POM housing, black, head only	45 - Robust spray head.pdf	Confirmed	
Washdown / cleaning equipment	AKRSH03-B	WD-RSH03-B	Robust spray head	with handle, 1/2" BSP female	Stainless steel AISI 304 interior, POM housing	blue	Robust spray head, with handle, 1/2" BSP female, Stainless steel AISI 304 interior, POM housing, blue	45 - Robust spray head.pdf	Confirmed	
Washdown / cleaning equipment	AKRSH03-R	WD-RSH03-R	Robust spray head	with handle, 1/2" BSP female	Stainless steel AISI 304 interior, POM housing	red	Robust spray head, with handle, 1/2" BSP female, Stainless steel AISI 304 interior, POM housing, red	45 - Robust spray head.pdf	Confirmed	
Washdown / cleaning equipment	AKRSHW3-W	WD-RSHW3-W	Robust spray head	with handle, 1/2" BSP female	Stainless steel AISI 304 interior, POM housing	white	Robust spray head, with handle, 1/2" BSP female, Stainless steel AISI 304 interior, POM housing, white	45 - Robust spray head.pdf	Needs review	Part number breaks the "03" pattern of its blue/red siblings (AKRSH03-B/R) - consistently printed as AKRSHW3-W in both body text and image caption, so likely intentional, but worth confirming with AKBO
Washdown / cleaning equipment	AKRSHH4-BL	WD-RSHH4-BL	Robust spray head	head only, 1/2" BSP male	Stainless steel AISI 304 interior, POM housing	black, head only	Robust spray head, head only, 1/2" BSP male, Stainless steel AISI 304 interior, POM housing, black, head only	45 - Robust spray head.pdf	Confirmed	AKRSHH4 series complies with EC 2023/2006 and EC 1935/2004 art. 3 (food-safe)
Washdown / cleaning equipment	AKRSHH4-W	WD-RSHH4-W	Robust spray head	head only, 1/2" BSP male	Stainless steel AISI 304 interior, POM housing	white, head only	Robust spray head, head only, 1/2" BSP male, Stainless steel AISI 304 interior, POM housing, white, head only	45 - Robust spray head.pdf	Confirmed	AKRSHH4 series complies with EC 2023/2006 and EC 1935/2004 art. 3 (food-safe)
Washdown / cleaning equipment	GRIP-M01-B	WD-GRIP-M01-B	Handle	2x 1/2" BSP female, 105 x 44mm	Brass	blue	Handle, 2x 1/2" BSP female, 105 x 44mm, Brass, blue	46 - Handles in brass or stainless steel.pdf	Confirmed	Accessory - pairs with AKMSH03-/AKRSH03- series robust spray heads
Washdown / cleaning equipment	GRIP-M01-W	WD-GRIP-M01-W	Handle	2x 1/2" BSP female, 105 x 44mm	Brass	white	Handle, 2x 1/2" BSP female, 105 x 44mm, Brass, white	46 - Handles in brass or stainless steel.pdf	Confirmed	Accessory - pairs with AKMSH03-/AKRSH03- series robust spray heads
Washdown / cleaning equipment	GRIP-M01-R	WD-GRIP-M01-R	Handle	2x 1/2" BSP female, 105 x 44mm	Brass	red	Handle, 2x 1/2" BSP female, 105 x 44mm, Brass, red	46 - Handles in brass or stainless steel.pdf	Confirmed	Accessory - pairs with AKMSH03-/AKRSH03- series robust spray heads
Washdown / cleaning equipment	GRIP-R01-B	WD-GRIP-R01-B	Handle	2x 1/2" BSP female, 105 x 44mm	Stainless steel	blue	Handle, 2x 1/2" BSP female, 105 x 44mm, Stainless steel, blue	46 - Handles in brass or stainless steel.pdf	Confirmed	Accessory - pairs with AKMSH03-/AKRSH03- series robust spray heads
Washdown / cleaning equipment	GRIP-R01-W	WD-GRIP-R01-W	Handle	2x 1/2" BSP female, 105 x 44mm	Stainless steel	white	Handle, 2x 1/2" BSP female, 105 x 44mm, Stainless steel, white	46 - Handles in brass or stainless steel.pdf	Confirmed	Accessory - pairs with AKMSH03-/AKRSH03- series robust spray heads
Washdown / cleaning equipment	GRIP-R01-R	WD-GRIP-R01-R	Handle	2x 1/2" BSP female, 105 x 44mm	Stainless steel	red	Handle, 2x 1/2" BSP female, 105 x 44mm, Stainless steel, red	46 - Handles in brass or stainless steel.pdf	Confirmed	Accessory - pairs with AKMSH03-/AKRSH03- series robust spray heads
Washdown / cleaning equipment	GRIP-ML1-B	WD-GRIP-ML1-B	Handle, long version	2x 1/2" BSP female, 115 x 44mm	Brass	blue	Handle, long version, 2x 1/2" BSP female, 115 x 44mm, Brass, blue	46 - Handles in brass or stainless steel.pdf	Confirmed	Accessory - pairs with AKMSHL1-B/AKRSHL1-B water-saving spray heads
Washdown / cleaning equipment	GRIP-RL1-B	WD-GRIP-RL1-B	Handle, long version	2x 1/2" BSP female, 115 x 44mm	Stainless steel	blue	Handle, long version, 2x 1/2" BSP female, 115 x 44mm, Stainless steel, blue	46 - Handles in brass or stainless steel.pdf	Confirmed	Accessory - pairs with AKMSHL1-B/AKRSHL1-B water-saving spray heads
Washdown / cleaning equipment	AKNSH01-B	WD-NSH01-B	Lightweight spray head	3/4" BSP male	Blue polypropylene (handle/head), brass (nozzle)		Lightweight spray head, 3/4" BSP male, Blue polypropylene (handle/head), brass (nozzle)	47 - Lightweight spray head.pdf	Confirmed	
Washdown / cleaning equipment	TWRWR02XL	WD-TWRWR02XL	Twister XL spray head	1" BSPP male, 60 degree conical seal	Stainless steel AISI 304, POM, EPDM		Twister XL spray head, 1" BSPP male, 60 degree conical seal, Stainless steel AISI 304, POM, EPDM	48 - Twister series spray heads.pdf	Confirmed	
Washdown / cleaning equipment	TWRWR02L	WD-TWRWR02L	Twister L spray head	3/4" BSPP male, 60 degree conical seal	Stainless steel AISI 304, POM, EPDM		Twister L spray head, 3/4" BSPP male, 60 degree conical seal, Stainless steel AISI 304, POM, EPDM	48 - Twister series spray heads.pdf	Confirmed	
Washdown / cleaning equipment	TWRWR02M	WD-TWRWR02M	Twister M spray head	1/2" BSPP male, 60 degree conical seal	Stainless steel AISI 304, POM, EPDM		Twister M spray head, 1/2" BSPP male, 60 degree conical seal, Stainless steel AISI 304, POM, EPDM	48 - Twister series spray heads.pdf	Confirmed	
Washdown / cleaning equipment	TW02L-SL	WD-TW02L-SL	Twister protective sleeve	fits Twister L	EPDM	bright red	Twister protective sleeve, fits Twister L, EPDM, bright red	48 - Twister series spray heads.pdf	Confirmed	Accessory - optional protective sleeve, not a spray head itself
Washdown / cleaning equipment	TW02XL-SL	WD-TW02XL-SL	Twister protective sleeve	fits Twister XL	EPDM	bright red	Twister protective sleeve, fits Twister XL, EPDM, bright red	48 - Twister series spray heads.pdf	Confirmed	Accessory - optional protective sleeve, not a spray head itself
